[
{
    "model": "admin.logentry",
    "pk": 1,
    "fields": {
        "action_time": "2022-12-06T20:44:16.820Z",
        "user": 1,
        "content_type": 4,
        "object_id": "1",
        "object_repr": "admin",
        "action_flag": 2,
        "change_message": "[{\"changed\": {\"fields\": [\"Username\"]}}]"
    }
},
{
    "model": "auth.permission",
    "pk": 1,
    "fields": {
        "name": "Can add log entry",
        "content_type": 1,
        "codename": "add_logentry"
    }
},
{
    "model": "auth.permission",
    "pk": 2,
    "fields": {
        "name": "Can change log entry",
        "content_type": 1,
        "codename": "change_logentry"
    }
},
{
    "model": "auth.permission",
    "pk": 3,
    "fields": {
        "name": "Can delete log entry",
        "content_type": 1,
        "codename": "delete_logentry"
    }
},
{
    "model": "auth.permission",
    "pk": 4,
    "fields": {
        "name": "Can view log entry",
        "content_type": 1,
        "codename": "view_logentry"
    }
},
{
    "model": "auth.permission",
    "pk": 5,
    "fields": {
        "name": "Can add permission",
        "content_type": 2,
        "codename": "add_permission"
    }
},
{
    "model": "auth.permission",
    "pk": 6,
    "fields": {
        "name": "Can change permission",
        "content_type": 2,
        "codename": "change_permission"
    }
},
{
    "model": "auth.permission",
    "pk": 7,
    "fields": {
        "name": "Can delete permission",
        "content_type": 2,
        "codename": "delete_permission"
    }
},
{
    "model": "auth.permission",
    "pk": 8,
    "fields": {
        "name": "Can view permission",
        "content_type": 2,
        "codename": "view_permission"
    }
},
{
    "model": "auth.permission",
    "pk": 9,
    "fields": {
        "name": "Can add group",
        "content_type": 3,
        "codename": "add_group"
    }
},
{
    "model": "auth.permission",
    "pk": 10,
    "fields": {
        "name": "Can change group",
        "content_type": 3,
        "codename": "change_group"
    }
},
{
    "model": "auth.permission",
    "pk": 11,
    "fields": {
        "name": "Can delete group",
        "content_type": 3,
        "codename": "delete_group"
    }
},
{
    "model": "auth.permission",
    "pk": 12,
    "fields": {
        "name": "Can view group",
        "content_type": 3,
        "codename": "view_group"
    }
},
{
    "model": "auth.permission",
    "pk": 13,
    "fields": {
        "name": "Can add user",
        "content_type": 4,
        "codename": "add_user"
    }
},
{
    "model": "auth.permission",
    "pk": 14,
    "fields": {
        "name": "Can change user",
        "content_type": 4,
        "codename": "change_user"
    }
},
{
    "model": "auth.permission",
    "pk": 15,
    "fields": {
        "name": "Can delete user",
        "content_type": 4,
        "codename": "delete_user"
    }
},
{
    "model": "auth.permission",
    "pk": 16,
    "fields": {
        "name": "Can view user",
        "content_type": 4,
        "codename": "view_user"
    }
},
{
    "model": "auth.permission",
    "pk": 17,
    "fields": {
        "name": "Can add content type",
        "content_type": 5,
        "codename": "add_contenttype"
    }
},
{
    "model": "auth.permission",
    "pk": 18,
    "fields": {
        "name": "Can change content type",
        "content_type": 5,
        "codename": "change_contenttype"
    }
},
{
    "model": "auth.permission",
    "pk": 19,
    "fields": {
        "name": "Can delete content type",
        "content_type": 5,
        "codename": "delete_contenttype"
    }
},
{
    "model": "auth.permission",
    "pk": 20,
    "fields": {
        "name": "Can view content type",
        "content_type": 5,
        "codename": "view_contenttype"
    }
},
{
    "model": "auth.permission",
    "pk": 21,
    "fields": {
        "name": "Can add session",
        "content_type": 6,
        "codename": "add_session"
    }
},
{
    "model": "auth.permission",
    "pk": 22,
    "fields": {
        "name": "Can change session",
        "content_type": 6,
        "codename": "change_session"
    }
},
{
    "model": "auth.permission",
    "pk": 23,
    "fields": {
        "name": "Can delete session",
        "content_type": 6,
        "codename": "delete_session"
    }
},
{
    "model": "auth.permission",
    "pk": 24,
    "fields": {
        "name": "Can view session",
        "content_type": 6,
        "codename": "view_session"
    }
},
{
    "model": "auth.permission",
    "pk": 25,
    "fields": {
        "name": "Can add usuario",
        "content_type": 7,
        "codename": "add_usuario"
    }
},
{
    "model": "auth.permission",
    "pk": 26,
    "fields": {
        "name": "Can change usuario",
        "content_type": 7,
        "codename": "change_usuario"
    }
},
{
    "model": "auth.permission",
    "pk": 27,
    "fields": {
        "name": "Can delete usuario",
        "content_type": 7,
        "codename": "delete_usuario"
    }
},
{
    "model": "auth.permission",
    "pk": 28,
    "fields": {
        "name": "Can view usuario",
        "content_type": 7,
        "codename": "view_usuario"
    }
},
{
    "model": "auth.permission",
    "pk": 29,
    "fields": {
        "name": "Can add eps",
        "content_type": 8,
        "codename": "add_eps"
    }
},
{
    "model": "auth.permission",
    "pk": 30,
    "fields": {
        "name": "Can change eps",
        "content_type": 8,
        "codename": "change_eps"
    }
},
{
    "model": "auth.permission",
    "pk": 31,
    "fields": {
        "name": "Can delete eps",
        "content_type": 8,
        "codename": "delete_eps"
    }
},
{
    "model": "auth.permission",
    "pk": 32,
    "fields": {
        "name": "Can view eps",
        "content_type": 8,
        "codename": "view_eps"
    }
},
{
    "model": "auth.permission",
    "pk": 33,
    "fields": {
        "name": "Can add laboratorio",
        "content_type": 9,
        "codename": "add_laboratorio"
    }
},
{
    "model": "auth.permission",
    "pk": 34,
    "fields": {
        "name": "Can change laboratorio",
        "content_type": 9,
        "codename": "change_laboratorio"
    }
},
{
    "model": "auth.permission",
    "pk": 35,
    "fields": {
        "name": "Can delete laboratorio",
        "content_type": 9,
        "codename": "delete_laboratorio"
    }
},
{
    "model": "auth.permission",
    "pk": 36,
    "fields": {
        "name": "Can view laboratorio",
        "content_type": 9,
        "codename": "view_laboratorio"
    }
},
{
    "model": "auth.permission",
    "pk": 37,
    "fields": {
        "name": "Can add paciente",
        "content_type": 10,
        "codename": "add_paciente"
    }
},
{
    "model": "auth.permission",
    "pk": 38,
    "fields": {
        "name": "Can change paciente",
        "content_type": 10,
        "codename": "change_paciente"
    }
},
{
    "model": "auth.permission",
    "pk": 39,
    "fields": {
        "name": "Can delete paciente",
        "content_type": 10,
        "codename": "delete_paciente"
    }
},
{
    "model": "auth.permission",
    "pk": 40,
    "fields": {
        "name": "Can view paciente",
        "content_type": 10,
        "codename": "view_paciente"
    }
},
{
    "model": "auth.permission",
    "pk": 41,
    "fields": {
        "name": "Can add familiar",
        "content_type": 11,
        "codename": "add_familiar"
    }
},
{
    "model": "auth.permission",
    "pk": 42,
    "fields": {
        "name": "Can change familiar",
        "content_type": 11,
        "codename": "change_familiar"
    }
},
{
    "model": "auth.permission",
    "pk": 43,
    "fields": {
        "name": "Can delete familiar",
        "content_type": 11,
        "codename": "delete_familiar"
    }
},
{
    "model": "auth.permission",
    "pk": 44,
    "fields": {
        "name": "Can view familiar",
        "content_type": 11,
        "codename": "view_familiar"
    }
},
{
    "model": "auth.permission",
    "pk": 45,
    "fields": {
        "name": "Can add medicamento",
        "content_type": 12,
        "codename": "add_medicamento"
    }
},
{
    "model": "auth.permission",
    "pk": 46,
    "fields": {
        "name": "Can change medicamento",
        "content_type": 12,
        "codename": "change_medicamento"
    }
},
{
    "model": "auth.permission",
    "pk": 47,
    "fields": {
        "name": "Can delete medicamento",
        "content_type": 12,
        "codename": "delete_medicamento"
    }
},
{
    "model": "auth.permission",
    "pk": 48,
    "fields": {
        "name": "Can view medicamento",
        "content_type": 12,
        "codename": "view_medicamento"
    }
},
{
    "model": "auth.permission",
    "pk": 49,
    "fields": {
        "name": "Can add nacionalidad",
        "content_type": 13,
        "codename": "add_nacionalidad"
    }
},
{
    "model": "auth.permission",
    "pk": 50,
    "fields": {
        "name": "Can change nacionalidad",
        "content_type": 13,
        "codename": "change_nacionalidad"
    }
},
{
    "model": "auth.permission",
    "pk": 51,
    "fields": {
        "name": "Can delete nacionalidad",
        "content_type": 13,
        "codename": "delete_nacionalidad"
    }
},
{
    "model": "auth.permission",
    "pk": 52,
    "fields": {
        "name": "Can view nacionalidad",
        "content_type": 13,
        "codename": "view_nacionalidad"
    }
},
{
    "model": "auth.permission",
    "pk": 53,
    "fields": {
        "name": "Can add cargo",
        "content_type": 14,
        "codename": "add_cargo"
    }
},
{
    "model": "auth.permission",
    "pk": 54,
    "fields": {
        "name": "Can change cargo",
        "content_type": 14,
        "codename": "change_cargo"
    }
},
{
    "model": "auth.permission",
    "pk": 55,
    "fields": {
        "name": "Can delete cargo",
        "content_type": 14,
        "codename": "delete_cargo"
    }
},
{
    "model": "auth.permission",
    "pk": 56,
    "fields": {
        "name": "Can view cargo",
        "content_type": 14,
        "codename": "view_cargo"
    }
},
{
    "model": "auth.permission",
    "pk": 57,
    "fields": {
        "name": "Can add fecha de dosis",
        "content_type": 15,
        "codename": "add_fechadedosis"
    }
},
{
    "model": "auth.permission",
    "pk": 58,
    "fields": {
        "name": "Can change fecha de dosis",
        "content_type": 15,
        "codename": "change_fechadedosis"
    }
},
{
    "model": "auth.permission",
    "pk": 59,
    "fields": {
        "name": "Can delete fecha de dosis",
        "content_type": 15,
        "codename": "delete_fechadedosis"
    }
},
{
    "model": "auth.permission",
    "pk": 60,
    "fields": {
        "name": "Can view fecha de dosis",
        "content_type": 15,
        "codename": "view_fechadedosis"
    }
},
{
    "model": "auth.user",
    "pk": 1,
    "fields": {
        "password": "pbkdf2_sha256$390000$4wZACztWsuLSt530O5z0Qd$2vuX01GoPA1cOKm/6H50kihpBih2JPMoP+XgyOHXTTI=",
        "last_login": "2022-12-06T22:08:24.271Z",
        "is_superuser": true,
        "username": "admin",
        "first_name": "",
        "last_name": "",
        "email": "",
        "is_staff": true,
        "is_active": true,
        "date_joined": "2022-12-06T20:43:33Z",
        "groups": [],
        "user_permissions": []
    }
},
{
    "model": "auth.user",
    "pk": 2,
    "fields": {
        "password": "pbkdf2_sha256$390000$p9yAvNUjKZpoqfYoJognb3$ie1C/OuU+w/YUSSphy2/RFAP/kNzFtVLpy9ZE3zbKHY=",
        "last_login": "2022-12-06T21:09:22.258Z",
        "is_superuser": false,
        "username": "virginia",
        "first_name": "",
        "last_name": "",
        "email": "adsi2374477@gmail.com",
        "is_staff": false,
        "is_active": true,
        "date_joined": "2022-12-06T20:46:23.081Z",
        "groups": [],
        "user_permissions": []
    }
},
{
    "model": "auth.user",
    "pk": 3,
    "fields": {
        "password": "pbkdf2_sha256$390000$i4X09l5umoAo7A2KRDLLwb$guCosXk7pw6tT9RXbLNG51UQbtusQq8z5dEK2iV1m6Y=",
        "last_login": null,
        "is_superuser": false,
        "username": "carolina",
        "first_name": "",
        "last_name": "",
        "email": "cacruz077@misena.edu.co",
        "is_staff": false,
        "is_active": true,
        "date_joined": "2022-12-06T20:57:45.646Z",
        "groups": [],
        "user_permissions": []
    }
},
{
    "model": "auth.user",
    "pk": 4,
    "fields": {
        "password": "pbkdf2_sha256$390000$wwf71hTUWmGRv2Cs6xQhHc$07bofbxFygGeGGnP0wUfDmrIVx+ccose6MrjLlaLweU=",
        "last_login": "2022-12-06T22:01:24.542Z",
        "is_superuser": false,
        "username": "carlos",
        "first_name": "",
        "last_name": "",
        "email": "kalokru@gmail.com",
        "is_staff": false,
        "is_active": true,
        "date_joined": "2022-12-06T20:59:07.193Z",
        "groups": [],
        "user_permissions": []
    }
},
{
    "model": "auth.user",
    "pk": 5,
    "fields": {
        "password": "pbkdf2_sha256$390000$QAVWX7UwG7ePXkJZGy4taX$7u8HaASfoYOVoeGm9ud1mY9rouiHrZ5/EMejboxRfgs=",
        "last_login": "2022-12-06T22:05:37.688Z",
        "is_superuser": false,
        "username": "mercedes",
        "first_name": "",
        "last_name": "",
        "email": "mercedes@gmail.com",
        "is_staff": false,
        "is_active": true,
        "date_joined": "2022-12-06T22:04:13.545Z",
        "groups": [],
        "user_permissions": []
    }
},
{
    "model": "contenttypes.contenttype",
    "pk": 1,
    "fields": {
        "app_label": "admin",
        "model": "logentry"
    }
},
{
    "model": "contenttypes.contenttype",
    "pk": 2,
    "fields": {
        "app_label": "auth",
        "model": "permission"
    }
},
{
    "model": "contenttypes.contenttype",
    "pk": 3,
    "fields": {
        "app_label": "auth",
        "model": "group"
    }
},
{
    "model": "contenttypes.contenttype",
    "pk": 4,
    "fields": {
        "app_label": "auth",
        "model": "user"
    }
},
{
    "model": "contenttypes.contenttype",
    "pk": 5,
    "fields": {
        "app_label": "contenttypes",
        "model": "contenttype"
    }
},
{
    "model": "contenttypes.contenttype",
    "pk": 6,
    "fields": {
        "app_label": "sessions",
        "model": "session"
    }
},
{
    "model": "contenttypes.contenttype",
    "pk": 7,
    "fields": {
        "app_label": "usuarios",
        "model": "usuario"
    }
},
{
    "model": "contenttypes.contenttype",
    "pk": 8,
    "fields": {
        "app_label": "eps",
        "model": "eps"
    }
},
{
    "model": "contenttypes.contenttype",
    "pk": 9,
    "fields": {
        "app_label": "laboratorio",
        "model": "laboratorio"
    }
},
{
    "model": "contenttypes.contenttype",
    "pk": 10,
    "fields": {
        "app_label": "paciente",
        "model": "paciente"
    }
},
{
    "model": "contenttypes.contenttype",
    "pk": 11,
    "fields": {
        "app_label": "familiar",
        "model": "familiar"
    }
},
{
    "model": "contenttypes.contenttype",
    "pk": 12,
    "fields": {
        "app_label": "medicamento",
        "model": "medicamento"
    }
},
{
    "model": "contenttypes.contenttype",
    "pk": 13,
    "fields": {
        "app_label": "nacionalidad",
        "model": "nacionalidad"
    }
},
{
    "model": "contenttypes.contenttype",
    "pk": 14,
    "fields": {
        "app_label": "cargo",
        "model": "cargo"
    }
},
{
    "model": "contenttypes.contenttype",
    "pk": 15,
    "fields": {
        "app_label": "inicio",
        "model": "fechadedosis"
    }
},
{
    "model": "sessions.session",
    "pk": "e8tgoy7p4mthzu35pg4vq6b9rqnqcajf",
    "fields": {
        "session_data": ".eJxVjMEOwiAQRP-FsyGwhRY8eu83EHbZStVAUtqT8d9tkx70NMm8N_MWIW5rDlvjJcxJXIUWl98OIz25HCA9YrlXSbWsy4zyUORJmxxr4tftdP8Ocmx5X1vf9V6TNoYVOEQ3WARDbHlw4AAZwVrVU1STg6RjR4jgfJrYpz1IfL7LCTgM:1p2gC0:w35CuhiQUI_in6mhE0PqOBujLuQS1FM2O0TseS-ENxw",
        "expire_date": "2022-12-07T08:13:36.744Z"
    }
},
{
    "model": "usuarios.usuario",
    "pk": 1,
    "fields": {
        "tipoDocumento": "C.C",
        "numDocumento": 12345689,
        "nombres": "Virginia",
        "apellidos": "Álvarez",
        "foto": "images/default.png",
        "fecha_nacimiento": "1989-01-01",
        "correo": "adsi2374477@gmail.com",
        "eps": 1,
        "celular": 999999999,
        "telefono_familiar": 45454545,
        "direccion": "Cra 33 # 14-125",
        "ciudad": "Zipaquirá",
        "cargo": 1,
        "nacionalidad": 1,
        "perfil": "admin",
        "estado": "1",
        "alias": "virginia",
        "user": null,
        "fechaCreacion": "2022-12-06"
    }
},
{
    "model": "usuarios.usuario",
    "pk": 2,
    "fields": {
        "tipoDocumento": "C.C",
        "numDocumento": 123456891,
        "nombres": "Carolina",
        "apellidos": "Valderrama",
        "foto": "images/default.png",
        "fecha_nacimiento": "1989-01-01",
        "correo": "cacruz077@misena.edu.co",
        "eps": 1,
        "celular": 9999999998,
        "telefono_familiar": 45454545,
        "direccion": "calle 4 #12-12",
        "ciudad": "Zipaquirá",
        "cargo": 2,
        "nacionalidad": 1,
        "perfil": "usuario",
        "estado": "1",
        "alias": "carolina",
        "user": null,
        "fechaCreacion": "2022-12-06"
    }
},
{
    "model": "usuarios.usuario",
    "pk": 3,
    "fields": {
        "tipoDocumento": "C.C",
        "numDocumento": 88888888888,
        "nombres": "Carlos",
        "apellidos": "Cruz",
        "foto": "images/default.png",
        "fecha_nacimiento": "1978-01-01",
        "correo": "kalokru@gmail.com",
        "eps": 2,
        "celular": 9999999995,
        "telefono_familiar": 45454545,
        "direccion": "calle 4 #12-12",
        "ciudad": "Zipaquirá",
        "cargo": 3,
        "nacionalidad": 1,
        "perfil": "usuario",
        "estado": "1",
        "alias": "carlos",
        "user": null,
        "fechaCreacion": "2022-12-06"
    }
},
{
    "model": "usuarios.usuario",
    "pk": 4,
    "fields": {
        "tipoDocumento": "C.C",
        "numDocumento": 12345612338878,
        "nombres": "Mercedes",
        "apellidos": "Villanueva",
        "foto": "images/default.png",
        "fecha_nacimiento": "1989-01-01",
        "correo": "mercedes@gmail.com",
        "eps": 1,
        "celular": 55551111551,
        "telefono_familiar": 32158753241,
        "direccion": "carrera 27 # 43-18",
        "ciudad": "Zipaquirá",
        "cargo": 2,
        "nacionalidad": 1,
        "perfil": "usuario",
        "estado": "0",
        "alias": "mercedes",
        "user": null,
        "fechaCreacion": "2022-12-06"
    }
},
{
    "model": "eps.eps",
    "pk": 1,
    "fields": {
        "nombre": "Sanitas",
        "estado": "1",
        "fechaCreacion": "2022-12-06"
    }
},
{
    "model": "eps.eps",
    "pk": 2,
    "fields": {
        "nombre": "Sura",
        "estado": "1",
        "fechaCreacion": "2022-12-06"
    }
},
{
    "model": "eps.eps",
    "pk": 3,
    "fields": {
        "nombre": "Famisanar",
        "estado": "1",
        "fechaCreacion": "2022-12-06"
    }
},
{
    "model": "eps.eps",
    "pk": 4,
    "fields": {
        "nombre": "Nueva EPS",
        "estado": "1",
        "fechaCreacion": "2022-12-06"
    }
},
{
    "model": "eps.eps",
    "pk": 5,
    "fields": {
        "nombre": "Familiar",
        "estado": "1",
        "fechaCreacion": "2022-12-06"
    }
},
{
    "model": "eps.eps",
    "pk": 6,
    "fields": {
        "nombre": "Compensar",
        "estado": "1",
        "fechaCreacion": "2022-12-06"
    }
},
{
    "model": "laboratorio.laboratorio",
    "pk": 1,
    "fields": {
        "nombre": "Merck",
        "estado": "1",
        "fechaCreacion": "2022-12-06"
    }
},
{
    "model": "laboratorio.laboratorio",
    "pk": 2,
    "fields": {
        "nombre": "MK",
        "estado": "1",
        "fechaCreacion": "2022-12-06"
    }
},
{
    "model": "laboratorio.laboratorio",
    "pk": 3,
    "fields": {
        "nombre": "Genfar",
        "estado": "1",
        "fechaCreacion": "2022-12-06"
    }
},
{
    "model": "laboratorio.laboratorio",
    "pk": 4,
    "fields": {
        "nombre": "Sanofi",
        "estado": "1",
        "fechaCreacion": "2022-12-06"
    }
},
{
    "model": "laboratorio.laboratorio",
    "pk": 5,
    "fields": {
        "nombre": "Bayer",
        "estado": "1",
        "fechaCreacion": "2022-12-06"
    }
},
{
    "model": "laboratorio.laboratorio",
    "pk": 6,
    "fields": {
        "nombre": "Pfizer",
        "estado": "1",
        "fechaCreacion": "2022-12-06"
    }
},
{
    "model": "paciente.paciente",
    "pk": 1,
    "fields": {
        "tipoDocumento": "C.C",
        "numDocumento": 1234564444,
        "nombres": "Josué",
        "apellidos": "García",
        "fechaNacimiento": "1941-01-01",
        "genero": "M",
        "tipoNovedad": "Ingreso",
        "eps": 3,
        "familiar": 3,
        "nacionalidad": 1,
        "observaciones": "Require oxígeno 24 horas",
        "estado": "1",
        "fechaCreacion": "2022-12-06"
    }
},
{
    "model": "paciente.paciente",
    "pk": 2,
    "fields": {
        "tipoDocumento": "C.E",
        "numDocumento": 23141234854,
        "nombres": "Juan",
        "apellidos": "Jaramillo",
        "fechaNacimiento": "1939-05-01",
        "genero": "M",
        "tipoNovedad": "Ingreso",
        "eps": 4,
        "familiar": 2,
        "nacionalidad": 5,
        "observaciones": "Ninguna",
        "estado": "1",
        "fechaCreacion": "2022-12-06"
    }
},
{
    "model": "paciente.paciente",
    "pk": 3,
    "fields": {
        "tipoDocumento": "C.C",
        "numDocumento": 1234561233411,
        "nombres": "Clara",
        "apellidos": "Cáceres",
        "fechaNacimiento": "1945-08-01",
        "genero": "F",
        "tipoNovedad": "Ingreso",
        "eps": 3,
        "familiar": 4,
        "nacionalidad": 1,
        "observaciones": "Persona con diabetes tipo 2",
        "estado": "1",
        "fechaCreacion": "2022-12-06"
    }
},
{
    "model": "paciente.paciente",
    "pk": 4,
    "fields": {
        "tipoDocumento": "C.C",
        "numDocumento": 12345612581,
        "nombres": "Teresa",
        "apellidos": "Beltrán",
        "fechaNacimiento": "1948-07-01",
        "genero": "F",
        "tipoNovedad": "Ingreso",
        "eps": 6,
        "familiar": 3,
        "nacionalidad": 1,
        "observaciones": "Ninguna",
        "estado": "1",
        "fechaCreacion": "2022-12-06"
    }
},
{
    "model": "familiar.familiar",
    "pk": 1,
    "fields": {
        "tipoDocumento": "C.C",
        "numDocumento": 1234568911,
        "nombres": "Marcela",
        "apellidos": "Posada",
        "celular": 99999943,
        "celular2": 87777777111,
        "telefono_domicilio": 2254554,
        "correo": "marcela@gmail.com",
        "direccion": "calle 8 #12-12",
        "ciudad": "Bogotá",
        "nacionalidad": 1,
        "estado": "1",
        "fechaCreacion": "2022-12-06"
    }
},
{
    "model": "familiar.familiar",
    "pk": 2,
    "fields": {
        "tipoDocumento": "C.E",
        "numDocumento": 23141234,
        "nombres": "Paola",
        "apellidos": "Jaramillo",
        "celular": 3203768033,
        "celular2": 532455,
        "telefono_domicilio": 5254325633,
        "correo": "paola@gmail.com",
        "direccion": "carrera 30 # 1-50",
        "ciudad": "Cajicá",
        "nacionalidad": 5,
        "estado": "1",
        "fechaCreacion": "2022-12-06"
    }
},
{
    "model": "familiar.familiar",
    "pk": 3,
    "fields": {
        "tipoDocumento": "PST",
        "numDocumento": 1234561233344,
        "nombres": "Liliana",
        "apellidos": "García",
        "celular": 3203768877,
        "celular2": 5324555555,
        "telefono_domicilio": 44343322111,
        "correo": "liliana@gmail.com",
        "direccion": "carrera 27 # 43-18",
        "ciudad": "Bogotá",
        "nacionalidad": 2,
        "estado": "1",
        "fechaCreacion": "2022-12-06"
    }
},
{
    "model": "familiar.familiar",
    "pk": 4,
    "fields": {
        "tipoDocumento": "C.C",
        "numDocumento": 123456,
        "nombres": "Dianita",
        "apellidos": "Cáceres",
        "celular": 3205554477,
        "celular2": 3216567898,
        "telefono_domicilio": 525432561,
        "correo": "diana@gmail.com",
        "direccion": "carrera 39 # 1-50",
        "ciudad": "Chía",
        "nacionalidad": 1,
        "estado": "1",
        "fechaCreacion": "2022-12-06"
    }
},
{
    "model": "medicamento.medicamento",
    "pk": 1,
    "fields": {
        "paciente": 1,
        "nombre": "Acetaminofén",
        "presentacion": "Pastillas",
        "pesoBase": 500,
        "medida": "mg",
        "laboratorio": 3,
        "stock": 2,
        "dosis": 1,
        "frecuencia": "8",
        "observaciones": "Después de comidas",
        "profesional_salud": "EPS",
        "consumoDiario": 0,
        "contador": 0,
        "fechaDosis": "2022-12-06",
        "ultimaDosis": "2022-12-06T21:44:17.648Z",
        "alerta": 1,
        "estado": "1",
        "fechaCreacion": "2022-12-06"
    }
},
{
    "model": "medicamento.medicamento",
    "pk": 2,
    "fields": {
        "paciente": 1,
        "nombre": "Quetiapina",
        "presentacion": "Pastillas",
        "pesoBase": 50,
        "medida": "mg",
        "laboratorio": 5,
        "stock": 9,
        "dosis": 1,
        "frecuencia": "24",
        "observaciones": "Antes de dormir",
        "profesional_salud": "EPS",
        "consumoDiario": 0,
        "contador": 0,
        "fechaDosis": "2022-12-05",
        "ultimaDosis": "2022-12-06T21:44:23.097Z",
        "alerta": 1,
        "estado": "1",
        "fechaCreacion": "2022-12-06"
    }
},
{
    "model": "medicamento.medicamento",
    "pk": 3,
    "fields": {
        "paciente": 1,
        "nombre": "Omeprazol",
        "presentacion": "Cápsulas",
        "pesoBase": 25,
        "medida": "mg",
        "laboratorio": 6,
        "stock": 14,
        "dosis": 1,
        "frecuencia": "24",
        "observaciones": "Suministrar en ayunas",
        "profesional_salud": "EPS",
        "consumoDiario": 0,
        "contador": 0,
        "fechaDosis": "2022-12-06",
        "ultimaDosis": "2022-12-06T21:44:26.939Z",
        "alerta": 1,
        "estado": "1",
        "fechaCreacion": "2022-12-06"
    }
},
{
    "model": "medicamento.medicamento",
    "pk": 4,
    "fields": {
        "paciente": 2,
        "nombre": "Acetaminofén",
        "presentacion": "Pastillas",
        "pesoBase": 1000,
        "medida": "mg",
        "laboratorio": 4,
        "stock": 18,
        "dosis": 1,
        "frecuencia": "12",
        "observaciones": "Ninguna",
        "profesional_salud": "EPS",
        "consumoDiario": 0,
        "contador": 0,
        "fechaDosis": "2022-12-06",
        "ultimaDosis": "2022-12-06T21:44:32.402Z",
        "alerta": 1,
        "estado": "1",
        "fechaCreacion": "2022-12-06"
    }
},
{
    "model": "medicamento.medicamento",
    "pk": 5,
    "fields": {
        "paciente": 3,
        "nombre": "Quetiapina",
        "presentacion": "Pastillas",
        "pesoBase": 100,
        "medida": "mg",
        "laboratorio": 2,
        "stock": 4,
        "dosis": 1,
        "frecuencia": "24",
        "observaciones": "Suministrar antes de dormir",
        "profesional_salud": "EPS",
        "consumoDiario": 0,
        "contador": 0,
        "fechaDosis": "2022-12-05",
        "ultimaDosis": "2022-12-06T21:44:34.929Z",
        "alerta": 1,
        "estado": "1",
        "fechaCreacion": "2022-12-06"
    }
},
{
    "model": "medicamento.medicamento",
    "pk": 6,
    "fields": {
        "paciente": 3,
        "nombre": "Naproxeno",
        "presentacion": "Grageas",
        "pesoBase": 250,
        "medida": "mg",
        "laboratorio": 3,
        "stock": 7,
        "dosis": 1,
        "frecuencia": "12",
        "observaciones": "Ninguna",
        "profesional_salud": "EPS",
        "consumoDiario": 0,
        "contador": 0,
        "fechaDosis": "2022-12-05",
        "ultimaDosis": "2022-12-06T21:44:42.752Z",
        "alerta": 1,
        "estado": "1",
        "fechaCreacion": "2022-12-06"
    }
},
{
    "model": "medicamento.medicamento",
    "pk": 7,
    "fields": {
        "paciente": 3,
        "nombre": "Losartán",
        "presentacion": "Pastillas",
        "pesoBase": 25,
        "medida": "mg",
        "laboratorio": 5,
        "stock": 14,
        "dosis": 1,
        "frecuencia": "24",
        "observaciones": "Ninguna",
        "profesional_salud": "EPS",
        "consumoDiario": 0,
        "contador": 0,
        "fechaDosis": "2022-12-05",
        "ultimaDosis": "2022-12-06T21:44:45.350Z",
        "alerta": 1,
        "estado": "1",
        "fechaCreacion": "2022-12-06"
    }
},
{
    "model": "medicamento.medicamento",
    "pk": 8,
    "fields": {
        "paciente": 4,
        "nombre": "Losartán",
        "presentacion": "Pastillas",
        "pesoBase": 20,
        "medida": "mg",
        "laboratorio": 2,
        "stock": 10,
        "dosis": 1,
        "frecuencia": "24",
        "observaciones": "Ninguna",
        "profesional_salud": "EPS",
        "consumoDiario": 0,
        "contador": 0,
        "fechaDosis": "2022-12-06",
        "ultimaDosis": "2022-12-06T21:44:47.886Z",
        "alerta": 1,
        "estado": "1",
        "fechaCreacion": "2022-12-06"
    }
},
{
    "model": "nacionalidad.nacionalidad",
    "pk": 1,
    "fields": {
        "nombre": "Colombia",
        "estado": "1",
        "fechaCreacion": "2022-12-06"
    }
},
{
    "model": "nacionalidad.nacionalidad",
    "pk": 2,
    "fields": {
        "nombre": "Ecuador",
        "estado": "1",
        "fechaCreacion": "2022-12-06"
    }
},
{
    "model": "nacionalidad.nacionalidad",
    "pk": 3,
    "fields": {
        "nombre": "Brasil",
        "estado": "1",
        "fechaCreacion": "2022-12-06"
    }
},
{
    "model": "nacionalidad.nacionalidad",
    "pk": 4,
    "fields": {
        "nombre": "Argentina",
        "estado": "1",
        "fechaCreacion": "2022-12-06"
    }
},
{
    "model": "nacionalidad.nacionalidad",
    "pk": 5,
    "fields": {
        "nombre": "Venezuela",
        "estado": "1",
        "fechaCreacion": "2022-12-06"
    }
},
{
    "model": "nacionalidad.nacionalidad",
    "pk": 6,
    "fields": {
        "nombre": "Bolivia",
        "estado": "1",
        "fechaCreacion": "2022-12-06"
    }
},
{
    "model": "cargo.cargo",
    "pk": 1,
    "fields": {
        "nombre": "Enfermer@ jefe",
        "estado": "1",
        "fechaCreacion": "2022-12-06"
    }
},
{
    "model": "cargo.cargo",
    "pk": 2,
    "fields": {
        "nombre": "Enfermer@ auxiliar",
        "estado": "1",
        "fechaCreacion": "2022-12-06"
    }
},
{
    "model": "cargo.cargo",
    "pk": 3,
    "fields": {
        "nombre": "Practicante",
        "estado": "1",
        "fechaCreacion": "2022-12-06"
    }
}
]
